,Job,com_cluster_queue,sto_cluster_queue,network_queue,Cut,Arrival_Time,Net_1_join,Net_1_start,Net_end,End_Time
0,0,0.0,0.0,0,1,0,2.3443360840210055,2.3443360840210055,2.395536084020968,2.557573121058005
1,1,0.0,0.0,0,1,100000,100002.34433608402,100002.34433608402,100002.39553608389,100002.55757312092
2,2,0.0,0.0,0,1,200000,200002.34433608403,200002.34433608403,200002.3955360839,200002.55757312095
3,3,0.0,0.0,0,1,300000,300002.34433608403,300002.34433608403,300002.39553610136,300002.5575731384
4,4,0.0,0.0,0,1,400000,400002.34433608403,400002.34433608403,400002.39553610136,400002.5575731384
5,5,0.0,0.0,0,1,500000,500002.34433608403,500002.34433608403,500002.39553610136,500002.5575731384
6,6,0.0,0.0,0,1,600000,600002.344336084,600002.344336084,600002.3955361013,600002.5575731384
7,7,0.0,0.0,0,1,700000,700002.344336084,700002.344336084,700002.3955361013,700002.5575731384
8,8,0.0,0.0,0,1,800000,800002.344336084,800002.344336084,800002.3955361013,800002.5575731384
9,9,0.0,0.0,0,1,900000,900002.344336084,900002.344336084,900002.3955361013,900002.5575731384
10,10,0.0,0.0,0,1,1000000,1000002.344336084,1000002.344336084,1000002.3955361013,1000002.5575731384
11,11,0.0,0.0,0,1,1100000,1100002.344336084,1100002.344336084,1100002.3955361014,1100002.5575731385
12,12,0.0,0.0,0,1,1200000,1200002.344336084,1200002.344336084,1200002.3955361014,1200002.5575731385
13,13,0.0,0.0,0,1,1300000,1300002.344336084,1300002.344336084,1300002.3955361014,1300002.5575731385
14,14,0.0,0.0,0,1,1400000,1400002.344336084,1400002.344336084,1400002.3955361014,1400002.5575731385
15,15,0.0,0.0,0,1,1500000,1500002.344336084,1500002.344336084,1500002.3955361014,1500002.5575731385
16,16,0.0,0.0,0,1,1600000,1600002.344336084,1600002.344336084,1600002.3955361014,1600002.5575731385
17,17,0.0,0.0,0,1,1700000,1700002.344336084,1700002.344336084,1700002.3955361014,1700002.5575731385
18,18,0.0,0.0,0,1,1800000,1800002.344336084,1800002.344336084,1800002.3955361014,1800002.5575731385
19,19,0.0,0.0,0,1,1900000,1900002.344336084,1900002.344336084,1900002.3955361014,1900002.5575731385
20,20,0.0,0.0,0,1,2000000,2000002.344336084,2000002.344336084,2000002.3955361014,2000002.5575731385
21,21,0.0,0.0,0,1,2100000,2100002.344336084,2100002.344336084,2100002.3955361014,2100002.5575731383
22,22,0.0,0.0,0,1,2200000,2200002.344336084,2200002.344336084,2200002.3955361014,2200002.5575731383
23,23,0.0,0.0,0,1,2300000,2300002.344336084,2300002.344336084,2300002.3955361014,2300002.5575731383
24,24,0.0,0.0,0,1,2400000,2400002.344336084,2400002.344336084,2400002.3955361014,2400002.5575731383
25,25,0.0,0.0,0,1,2500000,2500002.344336084,2500002.344336084,2500002.3955361014,2500002.5575731383
26,26,0.0,0.0,0,1,2600000,2600002.344336084,2600002.344336084,2600002.3955361014,2600002.5575731383
27,27,0.0,0.0,0,1,2700000,2700002.344336084,2700002.344336084,2700002.3955361014,2700002.5575731383
28,28,0.0,0.0,0,1,2800000,2800002.344336084,2800002.344336084,2800002.3955361014,2800002.5575731383
29,29,0.0,0.0,0,1,2900000,2900002.344336084,2900002.344336084,2900002.3955361014,2900002.5575731383
30,30,0.0,0.0,0,1,3000000,3000002.344336084,3000002.344336084,3000002.3955361014,3000002.5575731383
31,31,0.0,0.0,0,1,3100000,3100002.344336084,3100002.344336084,3100002.3955361014,3100002.5575731383
32,32,0.0,0.0,0,1,3200000,3200002.344336084,3200002.344336084,3200002.3955361014,3200002.5575731383
33,33,0.0,0.0,0,1,3300000,3300002.344336084,3300002.344336084,3300002.3955361014,3300002.5575731383
34,34,0.0,0.0,0,1,3400000,3400002.344336084,3400002.344336084,3400002.3955361014,3400002.5575731383
35,35,0.0,0.0,0,1,3500000,3500002.344336084,3500002.344336084,3500002.3955361014,3500002.5575731383
36,36,0.0,0.0,0,1,3600000,3600002.344336084,3600002.344336084,3600002.3955361014,3600002.5575731383
37,37,0.0,0.0,0,1,3700000,3700002.344336084,3700002.344336084,3700002.3955361014,3700002.5575731383
38,38,0.0,0.0,0,1,3800000,3800002.344336084,3800002.344336084,3800002.3955361014,3800002.5575731383
39,39,0.0,0.0,0,1,3900000,3900002.344336084,3900002.344336084,3900002.3955361014,3900002.5575731383
40,40,0.0,0.0,0,1,4000000,4000002.344336084,4000002.344336084,4000002.3955361014,4000002.5575731383
41,41,0.0,0.0,0,1,4100000,4100002.344336084,4100002.344336084,4100002.3955361014,4100002.5575731383
42,42,0.0,0.0,0,1,4200000,4200002.344336084,4200002.344336084,4200002.395536101,4200002.557573139
43,43,0.0,0.0,0,1,4300000,4300002.344336084,4300002.344336084,4300002.395536101,4300002.557573139
44,44,0.0,0.0,0,1,4400000,4400002.344336084,4400002.344336084,4400002.395536101,4400002.557573139
45,45,0.0,0.0,0,1,4500000,4500002.344336084,4500002.344336084,4500002.395536101,4500002.557573139
46,46,0.0,0.0,0,1,4600000,4600002.344336084,4600002.344336084,4600002.395536101,4600002.557573139
47,47,0.0,0.0,0,1,4700000,4700002.344336084,4700002.344336084,4700002.395536101,4700002.557573139
48,48,0.0,0.0,0,1,4800000,4800002.344336084,4800002.344336084,4800002.395536101,4800002.557573139
49,49,0.0,0.0,0,1,4900000,4900002.344336084,4900002.344336084,4900002.395536101,4900002.557573139
50,50,0.0,0.0,0,1,5000000,5000002.344336084,5000002.344336084,5000002.395536101,5000002.557573139
51,51,0.0,0.0,0,1,5100000,5100002.344336084,5100002.344336084,5100002.395536101,5100002.557573139
52,52,0.0,0.0,0,1,5200000,5200002.344336084,5200002.344336084,5200002.395536101,5200002.557573139
53,53,0.0,0.0,0,1,5300000,5300002.344336084,5300002.344336084,5300002.395536101,5300002.557573139
54,54,0.0,0.0,0,1,5400000,5400002.344336084,5400002.344336084,5400002.395536101,5400002.557573139
55,55,0.0,0.0,0,1,5500000,5500002.344336084,5500002.344336084,5500002.395536101,5500002.557573139
56,56,0.0,0.0,0,1,5600000,5600002.344336084,5600002.344336084,5600002.395536101,5600002.557573139
57,57,0.0,0.0,0,1,5700000,5700002.344336084,5700002.344336084,5700002.395536101,5700002.557573139
58,58,0.0,0.0,0,1,5800000,5800002.344336084,5800002.344336084,5800002.395536101,5800002.557573139
59,59,0.0,0.0,0,1,5900000,5900002.344336084,5900002.344336084,5900002.395536101,5900002.557573139
60,60,0.0,0.0,0,1,6000000,6000002.344336084,6000002.344336084,6000002.395536101,6000002.557573139
61,61,0.0,0.0,0,1,6100000,6100002.344336084,6100002.344336084,6100002.395536101,6100002.557573139
62,62,0.0,0.0,0,1,6200000,6200002.344336084,6200002.344336084,6200002.395536101,6200002.557573139
63,63,0.0,0.0,0,1,6300000,6300002.344336084,6300002.344336084,6300002.395536101,6300002.557573139
64,64,0.0,0.0,0,1,6400000,6400002.344336084,6400002.344336084,6400002.395536101,6400002.557573139
65,65,0.0,0.0,0,1,6500000,6500002.344336084,6500002.344336084,6500002.395536101,6500002.557573139
66,66,0.0,0.0,0,1,6600000,6600002.344336084,6600002.344336084,6600002.395536101,6600002.557573139
67,67,0.0,0.0,0,1,6700000,6700002.344336084,6700002.344336084,6700002.395536101,6700002.557573139
68,68,0.0,0.0,0,1,6800000,6800002.344336084,6800002.344336084,6800002.395536101,6800002.557573139
69,69,0.0,0.0,0,1,6900000,6900002.344336084,6900002.344336084,6900002.395536101,6900002.557573139
70,70,0.0,0.0,0,1,7000000,7000002.344336084,7000002.344336084,7000002.395536101,7000002.557573139
71,71,0.0,0.0,0,1,7100000,7100002.344336084,7100002.344336084,7100002.395536101,7100002.557573139
72,72,0.0,0.0,0,1,7200000,7200002.344336084,7200002.344336084,7200002.395536101,7200002.557573139
73,73,0.0,0.0,0,1,7300000,7300002.344336084,7300002.344336084,7300002.395536101,7300002.557573139
74,74,0.0,0.0,0,1,7400000,7400002.344336084,7400002.344336084,7400002.395536101,7400002.557573139
75,75,0.0,0.0,0,1,7500000,7500002.344336084,7500002.344336084,7500002.395536101,7500002.557573139
76,76,0.0,0.0,0,1,7600000,7600002.344336084,7600002.344336084,7600002.395536101,7600002.557573139
77,77,0.0,0.0,0,1,7700000,7700002.344336084,7700002.344336084,7700002.395536101,7700002.557573139
78,78,0.0,0.0,0,1,7800000,7800002.344336084,7800002.344336084,7800002.395536101,7800002.557573139
79,79,0.0,0.0,0,1,7900000,7900002.344336084,7900002.344336084,7900002.395536101,7900002.557573139
80,80,0.0,0.0,0,1,8000000,8000002.344336084,8000002.344336084,8000002.395536101,8000002.557573139
81,81,0.0,0.0,0,1,8100000,8100002.344336084,8100002.344336084,8100002.395536101,8100002.557573139
82,82,0.0,0.0,0,1,8200000,8200002.344336084,8200002.344336084,8200002.395536101,8200002.557573139
83,83,0.0,0.0,0,1,8300000,8300002.344336084,8300002.344336084,8300002.395536101,8300002.557573139
84,84,0.0,0.0,0,1,8400000,8400002.344336083,8400002.344336083,8400002.3955361,8400002.557573138
85,85,0.0,0.0,0,1,8500000,8500002.344336083,8500002.344336083,8500002.3955361,8500002.557573138
86,86,0.0,0.0,0,1,8600000,8600002.344336083,8600002.344336083,8600002.3955361,8600002.557573138
87,87,0.0,0.0,0,1,8700000,8700002.344336083,8700002.344336083,8700002.3955361,8700002.557573138
88,88,0.0,0.0,0,1,8800000,8800002.344336083,8800002.344336083,8800002.3955361,8800002.557573138
89,89,0.0,0.0,0,1,8900000,8900002.344336083,8900002.344336083,8900002.3955361,8900002.557573138
90,90,0.0,0.0,0,1,9000000,9000002.344336083,9000002.344336083,9000002.3955361,9000002.557573138
91,91,0.0,0.0,0,1,9100000,9100002.344336083,9100002.344336083,9100002.3955361,9100002.557573138
92,92,0.0,0.0,0,1,9200000,9200002.344336083,9200002.344336083,9200002.3955361,9200002.557573138
93,93,0.0,0.0,0,1,9300000,9300002.344336083,9300002.344336083,9300002.3955361,9300002.557573138
94,94,0.0,0.0,0,1,9400000,9400002.344336083,9400002.344336083,9400002.3955361,9400002.557573138
95,95,0.0,0.0,0,1,9500000,9500002.344336083,9500002.344336083,9500002.3955361,9500002.557573138
96,96,0.0,0.0,0,1,9600000,9600002.344336083,9600002.344336083,9600002.3955361,9600002.557573138
97,97,0.0,0.0,0,1,9700000,9700002.344336083,9700002.344336083,9700002.3955361,9700002.557573138
98,98,0.0,0.0,0,1,9800000,9800002.344336083,9800002.344336083,9800002.3955361,9800002.557573138
99,99,0.0,0.0,0,1,9900000,9900002.344336083,9900002.344336083,9900002.3955361,9900002.557573138
100,100,0.0,0.0,0,1,10000000,10000002.344336083,10000002.344336083,10000002.3955361,10000002.557573138
101,101,0.0,0.0,0,1,10100000,10100002.344336083,10100002.344336083,10100002.3955361,10100002.557573138
102,102,0.0,0.0,0,1,10200000,10200002.344336083,10200002.344336083,10200002.3955361,10200002.557573138
103,103,0.0,0.0,0,1,10300000,10300002.344336083,10300002.344336083,10300002.3955361,10300002.557573138
104,104,0.0,0.0,0,1,10400000,10400002.344336083,10400002.344336083,10400002.3955361,10400002.557573138
105,105,0.0,0.0,0,1,10500000,10500002.344336083,10500002.344336083,10500002.3955361,10500002.557573138
106,106,0.0,0.0,0,1,10600000,10600002.344336083,10600002.344336083,10600002.3955361,10600002.557573138
107,107,0.0,0.0,0,1,10700000,10700002.344336083,10700002.344336083,10700002.3955361,10700002.557573138
108,108,0.0,0.0,0,1,10800000,10800002.344336083,10800002.344336083,10800002.3955361,10800002.557573138
109,109,0.0,0.0,0,1,10900000,10900002.344336083,10900002.344336083,10900002.3955361,10900002.557573138
110,110,0.0,0.0,0,1,11000000,11000002.344336083,11000002.344336083,11000002.3955361,11000002.557573138
111,111,0.0,0.0,0,1,11100000,11100002.344336083,11100002.344336083,11100002.3955361,11100002.557573138
112,112,0.0,0.0,0,1,11200000,11200002.344336083,11200002.344336083,11200002.3955361,11200002.557573138
113,113,0.0,0.0,0,1,11300000,11300002.344336083,11300002.344336083,11300002.3955361,11300002.557573138
114,114,0.0,0.0,0,1,11400000,11400002.344336083,11400002.344336083,11400002.3955361,11400002.557573138
115,115,0.0,0.0,0,1,11500000,11500002.344336083,11500002.344336083,11500002.3955361,11500002.557573138
116,116,0.0,0.0,0,1,11600000,11600002.344336083,11600002.344336083,11600002.3955361,11600002.557573138
117,117,0.0,0.0,0,1,11700000,11700002.344336083,11700002.344336083,11700002.3955361,11700002.557573138
118,118,0.0,0.0,0,1,11800000,11800002.344336083,11800002.344336083,11800002.3955361,11800002.557573138
119,119,0.0,0.0,0,1,11900000,11900002.344336083,11900002.344336083,11900002.3955361,11900002.557573138
120,120,0.0,0.0,0,1,12000000,12000002.344336083,12000002.344336083,12000002.3955361,12000002.557573138
121,121,0.0,0.0,0,1,12100000,12100002.344336083,12100002.344336083,12100002.3955361,12100002.557573138
122,122,0.0,0.0,0,1,12200000,12200002.344336083,12200002.344336083,12200002.3955361,12200002.557573138
123,123,0.0,0.0,0,1,12300000,12300002.344336083,12300002.344336083,12300002.3955361,12300002.557573138
124,124,0.0,0.0,0,1,12400000,12400002.344336083,12400002.344336083,12400002.3955361,12400002.557573138
125,125,0.0,0.0,0,1,12500000,12500002.344336083,12500002.344336083,12500002.3955361,12500002.557573138
126,126,0.0,0.0,0,1,12600000,12600002.344336083,12600002.344336083,12600002.3955361,12600002.557573138
127,127,0.0,0.0,0,1,12700000,12700002.344336083,12700002.344336083,12700002.3955361,12700002.557573138
128,128,0.0,0.0,0,1,12800000,12800002.344336083,12800002.344336083,12800002.3955361,12800002.557573138
129,129,0.0,0.0,0,1,12900000,12900002.344336083,12900002.344336083,12900002.3955361,12900002.557573138
130,130,0.0,0.0,0,1,13000000,13000002.344336083,13000002.344336083,13000002.3955361,13000002.557573138
131,131,0.0,0.0,0,1,13100000,13100002.344336083,13100002.344336083,13100002.3955361,13100002.557573138
132,132,0.0,0.0,0,1,13200000,13200002.344336083,13200002.344336083,13200002.3955361,13200002.557573138
133,133,0.0,0.0,0,1,13300000,13300002.344336083,13300002.344336083,13300002.3955361,13300002.557573138
134,134,0.0,0.0,0,1,13400000,13400002.344336083,13400002.344336083,13400002.3955361,13400002.557573138
135,135,0.0,0.0,0,1,13500000,13500002.344336083,13500002.344336083,13500002.3955361,13500002.557573138
136,136,0.0,0.0,0,1,13600000,13600002.344336083,13600002.344336083,13600002.3955361,13600002.557573138
137,137,0.0,0.0,0,1,13700000,13700002.344336083,13700002.344336083,13700002.3955361,13700002.557573138
138,138,0.0,0.0,0,1,13800000,13800002.344336083,13800002.344336083,13800002.3955361,13800002.557573138
139,139,0.0,0.0,0,1,13900000,13900002.344336083,13900002.344336083,13900002.3955361,13900002.557573138
140,140,0.0,0.0,0,1,14000000,14000002.344336083,14000002.344336083,14000002.3955361,14000002.557573138
141,141,0.0,0.0,0,1,14100000,14100002.344336083,14100002.344336083,14100002.3955361,14100002.557573138
142,142,0.0,0.0,0,1,14200000,14200002.344336083,14200002.344336083,14200002.3955361,14200002.557573138
143,143,0.0,0.0,0,1,14300000,14300002.344336083,14300002.344336083,14300002.3955361,14300002.557573138
144,144,0.0,0.0,0,1,14400000,14400002.344336083,14400002.344336083,14400002.3955361,14400002.557573138
145,145,0.0,0.0,0,1,14500000,14500002.344336083,14500002.344336083,14500002.3955361,14500002.557573138
146,146,0.0,0.0,0,1,14600000,14600002.344336083,14600002.344336083,14600002.3955361,14600002.557573138
147,147,0.0,0.0,0,1,14700000,14700002.344336083,14700002.344336083,14700002.3955361,14700002.557573138
148,148,0.0,0.0,0,1,14800000,14800002.344336083,14800002.344336083,14800002.3955361,14800002.557573138
149,149,0.0,0.0,0,1,14900000,14900002.344336083,14900002.344336083,14900002.3955361,14900002.557573138
150,150,0.0,0.0,0,1,15000000,15000002.344336083,15000002.344336083,15000002.3955361,15000002.557573138
151,151,0.0,0.0,0,1,15100000,15100002.344336083,15100002.344336083,15100002.3955361,15100002.557573138
152,152,0.0,0.0,0,1,15200000,15200002.344336083,15200002.344336083,15200002.3955361,15200002.557573138
153,153,0.0,0.0,0,1,15300000,15300002.344336083,15300002.344336083,15300002.3955361,15300002.557573138
154,154,0.0,0.0,0,1,15400000,15400002.344336083,15400002.344336083,15400002.3955361,15400002.557573138
155,155,0.0,0.0,0,1,15500000,15500002.344336083,15500002.344336083,15500002.3955361,15500002.557573138
156,156,0.0,0.0,0,1,15600000,15600002.344336083,15600002.344336083,15600002.3955361,15600002.557573138
157,157,0.0,0.0,0,1,15700000,15700002.344336083,15700002.344336083,15700002.3955361,15700002.557573138
158,158,0.0,0.0,0,1,15800000,15800002.344336083,15800002.344336083,15800002.3955361,15800002.557573138
159,159,0.0,0.0,0,1,15900000,15900002.344336083,15900002.344336083,15900002.3955361,15900002.557573138
160,160,0.0,0.0,0,1,16000000,16000002.344336083,16000002.344336083,16000002.3955361,16000002.557573138
161,161,0.0,0.0,0,1,16100000,16100002.344336083,16100002.344336083,16100002.3955361,16100002.557573138
162,162,0.0,0.0,0,1,16200000,16200002.344336083,16200002.344336083,16200002.3955361,16200002.557573138
163,163,0.0,0.0,0,1,16300000,16300002.344336083,16300002.344336083,16300002.3955361,16300002.557573138
164,164,0.0,0.0,0,1,16400000,16400002.344336083,16400002.344336083,16400002.3955361,16400002.557573138
165,165,0.0,0.0,0,1,16500000,16500002.344336083,16500002.344336083,16500002.3955361,16500002.557573138
166,166,0.0,0.0,0,1,16600000,16600002.344336083,16600002.344336083,16600002.3955361,16600002.557573138
167,167,0.0,0.0,0,1,16700000,16700002.344336083,16700002.344336083,16700002.3955361,16700002.557573138
168,168,0.0,0.0,0,1,16800000,16800002.344336085,16800002.344336085,16800002.395534985,16800002.557572022
169,169,0.0,0.0,0,1,16900000,16900002.344336085,16900002.344336085,16900002.395534985,16900002.557572022
170,170,0.0,0.0,0,1,17000000,17000002.344336085,17000002.344336085,17000002.395534985,17000002.557572022
171,171,0.0,0.0,0,1,17100000,17100002.344336085,17100002.344336085,17100002.395534985,17100002.557572022
172,172,0.0,0.0,0,1,17200000,17200002.344336085,17200002.344336085,17200002.395534985,17200002.557572022
173,173,0.0,0.0,0,1,17300000,17300002.344336085,17300002.344336085,17300002.395534985,17300002.557572022
174,174,0.0,0.0,0,1,17400000,17400002.344336085,17400002.344336085,17400002.395534985,17400002.557572022
175,175,0.0,0.0,0,1,17500000,17500002.344336085,17500002.344336085,17500002.395534985,17500002.557572022
176,176,0.0,0.0,0,1,17600000,17600002.344336085,17600002.344336085,17600002.395534985,17600002.557572022
177,177,0.0,0.0,0,1,17700000,17700002.344336085,17700002.344336085,17700002.395534985,17700002.557572022
178,178,0.0,0.0,0,1,17800000,17800002.344336085,17800002.344336085,17800002.395534985,17800002.557572022
179,179,0.0,0.0,0,1,17900000,17900002.344336085,17900002.344336085,17900002.395534985,17900002.557572022
180,180,0.0,0.0,0,1,18000000,18000002.344336085,18000002.344336085,18000002.395534985,18000002.557572022
181,181,0.0,0.0,0,1,18100000,18100002.344336085,18100002.344336085,18100002.395534985,18100002.557572022
182,182,0.0,0.0,0,1,18200000,18200002.344336085,18200002.344336085,18200002.395534985,18200002.557572022
183,183,0.0,0.0,0,1,18300000,18300002.344336085,18300002.344336085,18300002.395534985,18300002.557572022
184,184,0.0,0.0,0,1,18400000,18400002.344336085,18400002.344336085,18400002.395534985,18400002.557572022
185,185,0.0,0.0,0,1,18500000,18500002.344336085,18500002.344336085,18500002.395534985,18500002.557572022
186,186,0.0,0.0,0,1,18600000,18600002.344336085,18600002.344336085,18600002.395534985,18600002.557572022
187,187,0.0,0.0,0,1,18700000,18700002.344336085,18700002.344336085,18700002.395534985,18700002.557572022
188,188,0.0,0.0,0,1,18800000,18800002.344336085,18800002.344336085,18800002.395534985,18800002.557572022
189,189,0.0,0.0,0,1,18900000,18900002.344336085,18900002.344336085,18900002.395534985,18900002.557572022
190,190,0.0,0.0,0,1,19000000,19000002.344336085,19000002.344336085,19000002.395534985,19000002.557572022
191,191,0.0,0.0,0,1,19100000,19100002.344336085,19100002.344336085,19100002.395534985,19100002.557572022
192,192,0.0,0.0,0,1,19200000,19200002.344336085,19200002.344336085,19200002.395534985,19200002.557572022
193,193,0.0,0.0,0,1,19300000,19300002.344336085,19300002.344336085,19300002.395534985,19300002.557572022
194,194,0.0,0.0,0,1,19400000,19400002.344336085,19400002.344336085,19400002.395534985,19400002.557572022
195,195,0.0,0.0,0,1,19500000,19500002.344336085,19500002.344336085,19500002.395534985,19500002.557572022
196,196,0.0,0.0,0,1,19600000,19600002.344336085,19600002.344336085,19600002.395534985,19600002.557572022
197,197,0.0,0.0,0,1,19700000,19700002.344336085,19700002.344336085,19700002.395534985,19700002.557572022
198,198,0.0,0.0,0,1,19800000,19800002.344336085,19800002.344336085,19800002.395534985,19800002.557572022
199,199,0.0,0.0,0,1,19900000,19900002.344336085,19900002.344336085,19900002.395534985,19900002.557572022
200,200,0.0,0.0,0,1,20000000,20000002.344336085,20000002.344336085,20000002.395534985,20000002.557572022
201,201,0.0,0.0,0,1,20100000,20100002.344336085,20100002.344336085,20100002.395534985,20100002.557572022
202,202,0.0,0.0,0,1,20200000,20200002.344336085,20200002.344336085,20200002.395534985,20200002.557572022
203,203,0.0,0.0,0,1,20300000,20300002.344336085,20300002.344336085,20300002.395534985,20300002.557572022
204,204,0.0,0.0,0,1,20400000,20400002.344336085,20400002.344336085,20400002.395534985,20400002.557572022
205,205,0.0,0.0,0,1,20500000,20500002.344336085,20500002.344336085,20500002.395534985,20500002.557572022
206,206,0.0,0.0,0,1,20600000,20600002.344336085,20600002.344336085,20600002.395534985,20600002.557572022
207,207,0.0,0.0,0,1,20700000,20700002.344336085,20700002.344336085,20700002.395534985,20700002.557572022
208,208,0.0,0.0,0,1,20800000,20800002.344336085,20800002.344336085,20800002.395534985,20800002.557572022
209,209,0.0,0.0,0,1,20900000,20900002.344336085,20900002.344336085,20900002.395534985,20900002.557572022
210,210,0.0,0.0,0,1,21000000,21000002.344336085,21000002.344336085,21000002.395534985,21000002.557572022
211,211,0.0,0.0,0,1,21100000,21100002.344336085,21100002.344336085,21100002.395534985,21100002.557572022
212,212,0.0,0.0,0,1,21200000,21200002.344336085,21200002.344336085,21200002.395534985,21200002.557572022
213,213,0.0,0.0,0,1,21300000,21300002.344336085,21300002.344336085,21300002.395534985,21300002.557572022
214,214,0.0,0.0,0,1,21400000,21400002.344336085,21400002.344336085,21400002.395534985,21400002.557572022
215,215,0.0,0.0,0,1,21500000,21500002.344336085,21500002.344336085,21500002.395534985,21500002.557572022
216,216,0.0,0.0,0,1,21600000,21600002.344336085,21600002.344336085,21600002.395534985,21600002.557572022
217,217,0.0,0.0,0,1,21700000,21700002.344336085,21700002.344336085,21700002.395534985,21700002.557572022
218,218,0.0,0.0,0,1,21800000,21800002.344336085,21800002.344336085,21800002.395534985,21800002.557572022
219,219,0.0,0.0,0,1,21900000,21900002.344336085,21900002.344336085,21900002.395534985,21900002.557572022
220,220,0.0,0.0,0,1,22000000,22000002.344336085,22000002.344336085,22000002.395534985,22000002.557572022
221,221,0.0,0.0,0,1,22100000,22100002.344336085,22100002.344336085,22100002.395534985,22100002.557572022
222,222,0.0,0.0,0,1,22200000,22200002.344336085,22200002.344336085,22200002.395534985,22200002.557572022
223,223,0.0,0.0,0,1,22300000,22300002.344336085,22300002.344336085,22300002.395534985,22300002.557572022
224,224,0.0,0.0,0,1,22400000,22400002.344336085,22400002.344336085,22400002.395534985,22400002.557572022
225,225,0.0,0.0,0,1,22500000,22500002.344336085,22500002.344336085,22500002.395534985,22500002.557572022
226,226,0.0,0.0,0,1,22600000,22600002.344336085,22600002.344336085,22600002.395534985,22600002.557572022
227,227,0.0,0.0,0,1,22700000,22700002.344336085,22700002.344336085,22700002.395534985,22700002.557572022
228,228,0.0,0.0,0,1,22800000,22800002.344336085,22800002.344336085,22800002.395534985,22800002.557572022
229,229,0.0,0.0,0,1,22900000,22900002.344336085,22900002.344336085,22900002.395534985,22900002.557572022
230,230,0.0,0.0,0,1,23000000,23000002.344336085,23000002.344336085,23000002.395534985,23000002.557572022
231,231,0.0,0.0,0,1,23100000,23100002.344336085,23100002.344336085,23100002.395534985,23100002.557572022
232,232,0.0,0.0,0,1,23200000,23200002.344336085,23200002.344336085,23200002.395534985,23200002.557572022
233,233,0.0,0.0,0,1,23300000,23300002.344336085,23300002.344336085,23300002.395534985,23300002.557572022
234,234,0.0,0.0,0,1,23400000,23400002.344336085,23400002.344336085,23400002.395534985,23400002.557572022
235,235,0.0,0.0,0,1,23500000,23500002.344336085,23500002.344336085,23500002.395534985,23500002.557572022
236,236,0.0,0.0,0,1,23600000,23600002.344336085,23600002.344336085,23600002.395534985,23600002.557572022
237,237,0.0,0.0,0,1,23700000,23700002.344336085,23700002.344336085,23700002.395534985,23700002.557572022
238,238,0.0,0.0,0,1,23800000,23800002.344336085,23800002.344336085,23800002.395534985,23800002.557572022
239,239,0.0,0.0,0,1,23900000,23900002.344336085,23900002.344336085,23900002.395534985,23900002.557572022
240,240,0.0,0.0,0,1,24000000,24000002.344336085,24000002.344336085,24000002.395534985,24000002.557572022
241,241,0.0,0.0,0,1,24100000,24100002.344336085,24100002.344336085,24100002.395534985,24100002.557572022
242,242,0.0,0.0,0,1,24200000,24200002.344336085,24200002.344336085,24200002.395534985,24200002.557572022
243,243,0.0,0.0,0,1,24300000,24300002.344336085,24300002.344336085,24300002.395534985,24300002.557572022
244,244,0.0,0.0,0,1,24400000,24400002.344336085,24400002.344336085,24400002.395534985,24400002.557572022
245,245,0.0,0.0,0,1,24500000,24500002.344336085,24500002.344336085,24500002.395534985,24500002.557572022
246,246,0.0,0.0,0,1,24600000,24600002.344336085,24600002.344336085,24600002.395534985,24600002.557572022
247,247,0.0,0.0,0,1,24700000,24700002.344336085,24700002.344336085,24700002.395534985,24700002.557572022
248,248,0.0,0.0,0,1,24800000,24800002.344336085,24800002.344336085,24800002.395534985,24800002.557572022
249,249,0.0,0.0,0,1,24900000,24900002.344336085,24900002.344336085,24900002.395534985,24900002.557572022
250,250,0.0,0.0,0,1,25000000,25000002.344336085,25000002.344336085,25000002.395534985,25000002.557572022
251,251,0.0,0.0,0,1,25100000,25100002.344336085,25100002.344336085,25100002.395534985,25100002.557572022
252,252,0.0,0.0,0,1,25200000,25200002.344336085,25200002.344336085,25200002.395534985,25200002.557572022
253,253,0.0,0.0,0,1,25300000,25300002.344336085,25300002.344336085,25300002.395534985,25300002.557572022
254,254,0.0,0.0,0,1,25400000,25400002.344336085,25400002.344336085,25400002.395534985,25400002.557572022
255,255,0.0,0.0,0,1,25500000,25500002.344336085,25500002.344336085,25500002.395534985,25500002.557572022
256,256,0.0,0.0,0,1,25600000,25600002.344336085,25600002.344336085,25600002.395534985,25600002.557572022
257,257,0.0,0.0,0,1,25700000,25700002.344336085,25700002.344336085,25700002.395534985,25700002.557572022
258,258,0.0,0.0,0,1,25800000,25800002.344336085,25800002.344336085,25800002.395534985,25800002.557572022
259,259,0.0,0.0,0,1,25900000,25900002.344336085,25900002.344336085,25900002.395534985,25900002.557572022
260,260,0.0,0.0,0,1,26000000,26000002.344336085,26000002.344336085,26000002.395534985,26000002.557572022
261,261,0.0,0.0,0,1,26100000,26100002.344336085,26100002.344336085,26100002.395534985,26100002.557572022
262,262,0.0,0.0,0,1,26200000,26200002.344336085,26200002.344336085,26200002.395534985,26200002.557572022
263,263,0.0,0.0,0,1,26300000,26300002.344336085,26300002.344336085,26300002.395534985,26300002.557572022
264,264,0.0,0.0,0,1,26400000,26400002.344336085,26400002.344336085,26400002.395534985,26400002.557572022
265,265,0.0,0.0,0,1,26500000,26500002.344336085,26500002.344336085,26500002.395534985,26500002.557572022
266,266,0.0,0.0,0,1,26600000,26600002.344336085,26600002.344336085,26600002.395534985,26600002.557572022
267,267,0.0,0.0,0,1,26700000,26700002.344336085,26700002.344336085,26700002.395534985,26700002.557572022
268,268,0.0,0.0,0,1,26800000,26800002.344336085,26800002.344336085,26800002.395534985,26800002.557572022
269,269,0.0,0.0,0,1,26900000,26900002.344336085,26900002.344336085,26900002.395534985,26900002.557572022
270,270,0.0,0.0,0,1,27000000,27000002.344336085,27000002.344336085,27000002.395534985,27000002.557572022
271,271,0.0,0.0,0,1,27100000,27100002.344336085,27100002.344336085,27100002.395534985,27100002.557572022
272,272,0.0,0.0,0,1,27200000,27200002.344336085,27200002.344336085,27200002.395534985,27200002.557572022
273,273,0.0,0.0,0,1,27300000,27300002.344336085,27300002.344336085,27300002.395534985,27300002.557572022
274,274,0.0,0.0,0,1,27400000,27400002.344336085,27400002.344336085,27400002.395534985,27400002.557572022
275,275,0.0,0.0,0,1,27500000,27500002.344336085,27500002.344336085,27500002.395534985,27500002.557572022
276,276,0.0,0.0,0,1,27600000,27600002.344336085,27600002.344336085,27600002.395534985,27600002.557572022
277,277,0.0,0.0,0,1,27700000,27700002.344336085,27700002.344336085,27700002.395534985,27700002.557572022
278,278,0.0,0.0,0,1,27800000,27800002.344336085,27800002.344336085,27800002.395534985,27800002.557572022
279,279,0.0,0.0,0,1,27900000,27900002.344336085,27900002.344336085,27900002.395534985,27900002.557572022
280,280,0.0,0.0,0,1,28000000,28000002.344336085,28000002.344336085,28000002.395534985,28000002.557572022
281,281,0.0,0.0,0,1,28100000,28100002.344336085,28100002.344336085,28100002.395534985,28100002.557572022
282,282,0.0,0.0,0,1,28200000,28200002.344336085,28200002.344336085,28200002.395534985,28200002.557572022
283,283,0.0,0.0,0,1,28300000,28300002.344336085,28300002.344336085,28300002.395534985,28300002.557572022
284,284,0.0,0.0,0,1,28400000,28400002.344336085,28400002.344336085,28400002.395534985,28400002.557572022
285,285,0.0,0.0,0,1,28500000,28500002.344336085,28500002.344336085,28500002.395534985,28500002.557572022
286,286,0.0,0.0,0,1,28600000,28600002.344336085,28600002.344336085,28600002.395534985,28600002.557572022
287,287,0.0,0.0,0,1,28700000,28700002.344336085,28700002.344336085,28700002.395534985,28700002.557572022
288,288,0.0,0.0,0,1,28800000,28800002.344336085,28800002.344336085,28800002.395534985,28800002.557572022
289,289,0.0,0.0,0,1,28900000,28900002.344336085,28900002.344336085,28900002.395534985,28900002.557572022
290,290,0.0,0.0,0,1,29000000,29000002.344336085,29000002.344336085,29000002.395534985,29000002.557572022
291,291,0.0,0.0,0,1,29100000,29100002.344336085,29100002.344336085,29100002.395534985,29100002.557572022
292,292,0.0,0.0,0,1,29200000,29200002.344336085,29200002.344336085,29200002.395534985,29200002.557572022
293,293,0.0,0.0,0,1,29300000,29300002.344336085,29300002.344336085,29300002.395534985,29300002.557572022
294,294,0.0,0.0,0,1,29400000,29400002.344336085,29400002.344336085,29400002.395534985,29400002.557572022
295,295,0.0,0.0,0,1,29500000,29500002.344336085,29500002.344336085,29500002.395534985,29500002.557572022
296,296,0.0,0.0,0,1,29600000,29600002.344336085,29600002.344336085,29600002.395534985,29600002.557572022
297,297,0.0,0.0,0,1,29700000,29700002.344336085,29700002.344336085,29700002.395534985,29700002.557572022
298,298,0.0,0.0,0,1,29800000,29800002.344336085,29800002.344336085,29800002.395534985,29800002.557572022
299,299,0.0,0.0,0,1,29900000,29900002.344336085,29900002.344336085,29900002.395534985,29900002.557572022
300,300,0.0,0.0,0,1,30000000,30000002.344336085,30000002.344336085,30000002.395534985,30000002.557572022
301,301,0.0,0.0,0,1,30100000,30100002.344336085,30100002.344336085,30100002.395534985,30100002.557572022
302,302,0.0,0.0,0,1,30200000,30200002.344336085,30200002.344336085,30200002.395534985,30200002.557572022
303,303,0.0,0.0,0,1,30300000,30300002.344336085,30300002.344336085,30300002.395534985,30300002.557572022
304,304,0.0,0.0,0,1,30400000,30400002.344336085,30400002.344336085,30400002.395534985,30400002.557572022
305,305,0.0,0.0,0,1,30500000,30500002.344336085,30500002.344336085,30500002.395534985,30500002.557572022
306,306,0.0,0.0,0,1,30600000,30600002.344336085,30600002.344336085,30600002.395534985,30600002.557572022
307,307,0.0,0.0,0,1,30700000,30700002.344336085,30700002.344336085,30700002.395534985,30700002.557572022
308,308,0.0,0.0,0,1,30800000,30800002.344336085,30800002.344336085,30800002.395534985,30800002.557572022
309,309,0.0,0.0,0,1,30900000,30900002.344336085,30900002.344336085,30900002.395534985,30900002.557572022
310,310,0.0,0.0,0,1,31000000,31000002.344336085,31000002.344336085,31000002.395534985,31000002.557572022
311,311,0.0,0.0,0,1,31100000,31100002.344336085,31100002.344336085,31100002.395534985,31100002.557572022
312,312,0.0,0.0,0,1,31200000,31200002.344336085,31200002.344336085,31200002.395534985,31200002.557572022
313,313,0.0,0.0,0,1,31300000,31300002.344336085,31300002.344336085,31300002.395534985,31300002.557572022
314,314,0.0,0.0,0,1,31400000,31400002.344336085,31400002.344336085,31400002.395534985,31400002.557572022
315,315,0.0,0.0,0,1,31500000,31500002.344336085,31500002.344336085,31500002.395534985,31500002.557572022
316,316,0.0,0.0,0,1,31600000,31600002.344336085,31600002.344336085,31600002.395534985,31600002.557572022
317,317,0.0,0.0,0,1,31700000,31700002.344336085,31700002.344336085,31700002.395534985,31700002.557572022
318,318,0.0,0.0,0,1,31800000,31800002.344336085,31800002.344336085,31800002.395534985,31800002.557572022
319,319,0.0,0.0,0,1,31900000,31900002.344336085,31900002.344336085,31900002.395534985,31900002.557572022
320,320,0.0,0.0,0,1,32000000,32000002.344336085,32000002.344336085,32000002.395534985,32000002.557572022
321,321,0.0,0.0,0,1,32100000,32100002.344336085,32100002.344336085,32100002.395534985,32100002.557572022
322,322,0.0,0.0,0,1,32200000,32200002.344336085,32200002.344336085,32200002.395534985,32200002.557572022
323,323,0.0,0.0,0,1,32300000,32300002.344336085,32300002.344336085,32300002.395534985,32300002.557572022
324,324,0.0,0.0,0,1,32400000,32400002.344336085,32400002.344336085,32400002.395534985,32400002.557572022
325,325,0.0,0.0,0,1,32500000,32500002.344336085,32500002.344336085,32500002.395534985,32500002.557572022
326,326,0.0,0.0,0,1,32600000,32600002.344336085,32600002.344336085,32600002.395534985,32600002.557572022
327,327,0.0,0.0,0,1,32700000,32700002.344336085,32700002.344336085,32700002.395534985,32700002.557572022
328,328,0.0,0.0,0,1,32800000,32800002.344336085,32800002.344336085,32800002.395534985,32800002.557572022
329,329,0.0,0.0,0,1,32900000,32900002.344336085,32900002.344336085,32900002.395534985,32900002.557572022
330,330,0.0,0.0,0,1,33000000,33000002.344336085,33000002.344336085,33000002.395534985,33000002.557572022
331,331,0.0,0.0,0,1,33100000,33100002.344336085,33100002.344336085,33100002.395534985,33100002.557572022
332,332,0.0,0.0,0,1,33200000,33200002.344336085,33200002.344336085,33200002.395534985,33200002.557572022
333,333,0.0,0.0,0,1,33300000,33300002.344336085,33300002.344336085,33300002.395534985,33300002.557572022
334,334,0.0,0.0,0,1,33400000,33400002.344336085,33400002.344336085,33400002.395534985,33400002.557572022
335,335,0.0,0.0,0,1,33500000,33500002.344336085,33500002.344336085,33500002.395534985,33500002.557572022
336,336,0.0,0.0,0,1,33600000,33600002.344336085,33600002.344336085,33600002.395534985,33600002.55757202
337,337,0.0,0.0,0,1,33700000,33700002.344336085,33700002.344336085,33700002.395534985,33700002.55757202
338,338,0.0,0.0,0,1,33800000,33800002.344336085,33800002.344336085,33800002.395534985,33800002.55757202
339,339,0.0,0.0,0,1,33900000,33900002.344336085,33900002.344336085,33900002.395534985,33900002.55757202
340,340,0.0,0.0,0,1,34000000,34000002.344336085,34000002.344336085,34000002.395534985,34000002.55757202
341,341,0.0,0.0,0,1,34100000,34100002.344336085,34100002.344336085,34100002.395534985,34100002.55757202
342,342,0.0,0.0,0,1,34200000,34200002.344336085,34200002.344336085,34200002.395534985,34200002.55757202
343,343,0.0,0.0,0,1,34300000,34300002.344336085,34300002.344336085,34300002.395534985,34300002.55757202
344,344,0.0,0.0,0,1,34400000,34400002.344336085,34400002.344336085,34400002.395534985,34400002.55757202
345,345,0.0,0.0,0,1,34500000,34500002.344336085,34500002.344336085,34500002.395534985,34500002.55757202
346,346,0.0,0.0,0,1,34600000,34600002.344336085,34600002.344336085,34600002.395534985,34600002.55757202
347,347,0.0,0.0,0,1,34700000,34700002.344336085,34700002.344336085,34700002.395534985,34700002.55757202
348,348,0.0,0.0,0,1,34800000,34800002.344336085,34800002.344336085,34800002.395534985,34800002.55757202
349,349,0.0,0.0,0,1,34900000,34900002.344336085,34900002.344336085,34900002.395534985,34900002.55757202
350,350,0.0,0.0,0,1,35000000,35000002.344336085,35000002.344336085,35000002.395534985,35000002.55757202
351,351,0.0,0.0,0,1,35100000,35100002.344336085,35100002.344336085,35100002.395534985,35100002.55757202
352,352,0.0,0.0,0,1,35200000,35200002.344336085,35200002.344336085,35200002.395534985,35200002.55757202
353,353,0.0,0.0,0,1,35300000,35300002.344336085,35300002.344336085,35300002.395534985,35300002.55757202
354,354,0.0,0.0,0,1,35400000,35400002.344336085,35400002.344336085,35400002.395534985,35400002.55757202
355,355,0.0,0.0,0,1,35500000,35500002.344336085,35500002.344336085,35500002.395534985,35500002.55757202
356,356,0.0,0.0,0,1,35600000,35600002.344336085,35600002.344336085,35600002.395534985,35600002.55757202
357,357,0.0,0.0,0,1,35700000,35700002.344336085,35700002.344336085,35700002.395534985,35700002.55757202
358,358,0.0,0.0,0,1,35800000,35800002.344336085,35800002.344336085,35800002.395534985,35800002.55757202
359,359,0.0,0.0,0,1,35900000,35900002.344336085,35900002.344336085,35900002.395534985,35900002.55757202
360,360,0.0,0.0,0,1,36000000,36000002.344336085,36000002.344336085,36000002.395534985,36000002.55757202
361,361,0.0,0.0,0,1,36100000,36100002.344336085,36100002.344336085,36100002.395534985,36100002.55757202
362,362,0.0,0.0,0,1,36200000,36200002.344336085,36200002.344336085,36200002.395534985,36200002.55757202
363,363,0.0,0.0,0,1,36300000,36300002.344336085,36300002.344336085,36300002.395534985,36300002.55757202
364,364,0.0,0.0,0,1,36400000,36400002.344336085,36400002.344336085,36400002.395534985,36400002.55757202
365,365,0.0,0.0,0,1,36500000,36500002.344336085,36500002.344336085,36500002.395534985,36500002.55757202
366,366,0.0,0.0,0,1,36600000,36600002.344336085,36600002.344336085,36600002.395534985,36600002.55757202
367,367,0.0,0.0,0,1,36700000,36700002.344336085,36700002.344336085,36700002.395534985,36700002.55757202
368,368,0.0,0.0,0,1,36800000,36800002.344336085,36800002.344336085,36800002.395534985,36800002.55757202
369,369,0.0,0.0,0,1,36900000,36900002.344336085,36900002.344336085,36900002.395534985,36900002.55757202
370,370,0.0,0.0,0,1,37000000,37000002.344336085,37000002.344336085,37000002.395534985,37000002.55757202
371,371,0.0,0.0,0,1,37100000,37100002.344336085,37100002.344336085,37100002.395534985,37100002.55757202
372,372,0.0,0.0,0,1,37200000,37200002.344336085,37200002.344336085,37200002.395534985,37200002.55757202
373,373,0.0,0.0,0,1,37300000,37300002.344336085,37300002.344336085,37300002.395534985,37300002.55757202
374,374,0.0,0.0,0,1,37400000,37400002.344336085,37400002.344336085,37400002.395534985,37400002.55757202
375,375,0.0,0.0,0,1,37500000,37500002.344336085,37500002.344336085,37500002.395534985,37500002.55757202
376,376,0.0,0.0,0,1,37600000,37600002.344336085,37600002.344336085,37600002.395534985,37600002.55757202
377,377,0.0,0.0,0,1,37700000,37700002.344336085,37700002.344336085,37700002.395534985,37700002.55757202
378,378,0.0,0.0,0,1,37800000,37800002.344336085,37800002.344336085,37800002.395534985,37800002.55757202
379,379,0.0,0.0,0,1,37900000,37900002.344336085,37900002.344336085,37900002.395534985,37900002.55757202
380,380,0.0,0.0,0,1,38000000,38000002.344336085,38000002.344336085,38000002.395534985,38000002.55757202
381,381,0.0,0.0,0,1,38100000,38100002.344336085,38100002.344336085,38100002.395534985,38100002.55757202
382,382,0.0,0.0,0,1,38200000,38200002.344336085,38200002.344336085,38200002.395534985,38200002.55757202
383,383,0.0,0.0,0,1,38300000,38300002.344336085,38300002.344336085,38300002.395534985,38300002.55757202
384,384,0.0,0.0,0,1,38400000,38400002.344336085,38400002.344336085,38400002.395534985,38400002.55757202
385,385,0.0,0.0,0,1,38500000,38500002.344336085,38500002.344336085,38500002.395534985,38500002.55757202
386,386,0.0,0.0,0,1,38600000,38600002.344336085,38600002.344336085,38600002.395534985,38600002.55757202
387,387,0.0,0.0,0,1,38700000,38700002.344336085,38700002.344336085,38700002.395534985,38700002.55757202
388,388,0.0,0.0,0,1,38800000,38800002.344336085,38800002.344336085,38800002.395534985,38800002.55757202
389,389,0.0,0.0,0,1,38900000,38900002.344336085,38900002.344336085,38900002.395534985,38900002.55757202
390,390,0.0,0.0,0,1,39000000,39000002.344336085,39000002.344336085,39000002.395534985,39000002.55757202
391,391,0.0,0.0,0,1,39100000,39100002.344336085,39100002.344336085,39100002.395534985,39100002.55757202
392,392,0.0,0.0,0,1,39200000,39200002.344336085,39200002.344336085,39200002.395534985,39200002.55757202
393,393,0.0,0.0,0,1,39300000,39300002.344336085,39300002.344336085,39300002.395534985,39300002.55757202
394,394,0.0,0.0,0,1,39400000,39400002.344336085,39400002.344336085,39400002.395534985,39400002.55757202
395,395,0.0,0.0,0,1,39500000,39500002.344336085,39500002.344336085,39500002.395534985,39500002.55757202
396,396,0.0,0.0,0,1,39600000,39600002.344336085,39600002.344336085,39600002.395534985,39600002.55757202
397,397,0.0,0.0,0,1,39700000,39700002.344336085,39700002.344336085,39700002.395534985,39700002.55757202
398,398,0.0,0.0,0,1,39800000,39800002.344336085,39800002.344336085,39800002.395534985,39800002.55757202
399,399,0.0,0.0,0,1,39900000,39900002.344336085,39900002.344336085,39900002.395534985,39900002.55757202
400,400,0.0,0.0,0,1,40000000,40000002.344336085,40000002.344336085,40000002.395534985,40000002.55757202
401,401,0.0,0.0,0,1,40100000,40100002.344336085,40100002.344336085,40100002.395534985,40100002.55757202
402,402,0.0,0.0,0,1,40200000,40200002.344336085,40200002.344336085,40200002.395534985,40200002.55757202
403,403,0.0,0.0,0,1,40300000,40300002.344336085,40300002.344336085,40300002.395534985,40300002.55757202
404,404,0.0,0.0,0,1,40400000,40400002.344336085,40400002.344336085,40400002.395534985,40400002.55757202
405,405,0.0,0.0,0,1,40500000,40500002.344336085,40500002.344336085,40500002.395534985,40500002.55757202
406,406,0.0,0.0,0,1,40600000,40600002.344336085,40600002.344336085,40600002.395534985,40600002.55757202
407,407,0.0,0.0,0,1,40700000,40700002.344336085,40700002.344336085,40700002.395534985,40700002.55757202
408,408,0.0,0.0,0,1,40800000,40800002.344336085,40800002.344336085,40800002.395534985,40800002.55757202
409,409,0.0,0.0,0,1,40900000,40900002.344336085,40900002.344336085,40900002.395534985,40900002.55757202
410,410,0.0,0.0,0,1,41000000,41000002.344336085,41000002.344336085,41000002.395534985,41000002.55757202
411,411,0.0,0.0,0,1,41100000,41100002.344336085,41100002.344336085,41100002.395534985,41100002.55757202
412,412,0.0,0.0,0,1,41200000,41200002.344336085,41200002.344336085,41200002.395534985,41200002.55757202
413,413,0.0,0.0,0,1,41300000,41300002.344336085,41300002.344336085,41300002.395534985,41300002.55757202
414,414,0.0,0.0,0,1,41400000,41400002.344336085,41400002.344336085,41400002.395534985,41400002.55757202
415,415,0.0,0.0,0,1,41500000,41500002.344336085,41500002.344336085,41500002.395534985,41500002.55757202
416,416,0.0,0.0,0,1,41600000,41600002.344336085,41600002.344336085,41600002.395534985,41600002.55757202
417,417,0.0,0.0,0,1,41700000,41700002.344336085,41700002.344336085,41700002.395534985,41700002.55757202
418,418,0.0,0.0,0,1,41800000,41800002.344336085,41800002.344336085,41800002.395534985,41800002.55757202
419,419,0.0,0.0,0,1,41900000,41900002.344336085,41900002.344336085,41900002.395534985,41900002.55757202
420,420,0.0,0.0,0,1,42000000,42000002.344336085,42000002.344336085,42000002.395534985,42000002.55757202
421,421,0.0,0.0,0,1,42100000,42100002.344336085,42100002.344336085,42100002.395534985,42100002.55757202
422,422,0.0,0.0,0,1,42200000,42200002.344336085,42200002.344336085,42200002.395534985,42200002.55757202
423,423,0.0,0.0,0,1,42300000,42300002.344336085,42300002.344336085,42300002.395534985,42300002.55757202
424,424,0.0,0.0,0,1,42400000,42400002.344336085,42400002.344336085,42400002.395534985,42400002.55757202
425,425,0.0,0.0,0,1,42500000,42500002.344336085,42500002.344336085,42500002.395534985,42500002.55757202
426,426,0.0,0.0,0,1,42600000,42600002.344336085,42600002.344336085,42600002.395534985,42600002.55757202
427,427,0.0,0.0,0,1,42700000,42700002.344336085,42700002.344336085,42700002.395534985,42700002.55757202
428,428,0.0,0.0,0,1,42800000,42800002.344336085,42800002.344336085,42800002.395534985,42800002.55757202
429,429,0.0,0.0,0,1,42900000,42900002.344336085,42900002.344336085,42900002.395534985,42900002.55757202
430,430,0.0,0.0,0,1,43000000,43000002.344336085,43000002.344336085,43000002.395534985,43000002.55757202
431,431,0.0,0.0,0,1,43100000,43100002.344336085,43100002.344336085,43100002.395534985,43100002.55757202
432,432,0.0,0.0,0,1,43200000,43200002.344336085,43200002.344336085,43200002.395534985,43200002.55757202
433,433,0.0,0.0,0,1,43300000,43300002.344336085,43300002.344336085,43300002.395534985,43300002.55757202
434,434,0.0,0.0,0,1,43400000,43400002.344336085,43400002.344336085,43400002.395534985,43400002.55757202
435,435,0.0,0.0,0,1,43500000,43500002.344336085,43500002.344336085,43500002.395534985,43500002.55757202
436,436,0.0,0.0,0,1,43600000,43600002.344336085,43600002.344336085,43600002.395534985,43600002.55757202
437,437,0.0,0.0,0,1,43700000,43700002.344336085,43700002.344336085,43700002.395534985,43700002.55757202
438,438,0.0,0.0,0,1,43800000,43800002.344336085,43800002.344336085,43800002.395534985,43800002.55757202
439,439,0.0,0.0,0,1,43900000,43900002.344336085,43900002.344336085,43900002.395534985,43900002.55757202
440,440,0.0,0.0,0,1,44000000,44000002.344336085,44000002.344336085,44000002.395534985,44000002.55757202
441,441,0.0,0.0,0,1,44100000,44100002.344336085,44100002.344336085,44100002.395534985,44100002.55757202
442,442,0.0,0.0,0,1,44200000,44200002.344336085,44200002.344336085,44200002.395534985,44200002.55757202
443,443,0.0,0.0,0,1,44300000,44300002.344336085,44300002.344336085,44300002.395534985,44300002.55757202
444,444,0.0,0.0,0,1,44400000,44400002.344336085,44400002.344336085,44400002.395534985,44400002.55757202
445,445,0.0,0.0,0,1,44500000,44500002.344336085,44500002.344336085,44500002.395534985,44500002.55757202
446,446,0.0,0.0,0,1,44600000,44600002.344336085,44600002.344336085,44600002.395534985,44600002.55757202
447,447,0.0,0.0,0,1,44700000,44700002.344336085,44700002.344336085,44700002.395534985,44700002.55757202
448,448,0.0,0.0,0,1,44800000,44800002.344336085,44800002.344336085,44800002.395534985,44800002.55757202
449,449,0.0,0.0,0,1,44900000,44900002.344336085,44900002.344336085,44900002.395534985,44900002.55757202
450,450,0.0,0.0,0,1,45000000,45000002.344336085,45000002.344336085,45000002.395534985,45000002.55757202
451,451,0.0,0.0,0,1,45100000,45100002.344336085,45100002.344336085,45100002.395534985,45100002.55757202
452,452,0.0,0.0,0,1,45200000,45200002.344336085,45200002.344336085,45200002.395534985,45200002.55757202
453,453,0.0,0.0,0,1,45300000,45300002.344336085,45300002.344336085,45300002.395534985,45300002.55757202
454,454,0.0,0.0,0,1,45400000,45400002.344336085,45400002.344336085,45400002.395534985,45400002.55757202
455,455,0.0,0.0,0,1,45500000,45500002.344336085,45500002.344336085,45500002.395534985,45500002.55757202
456,456,0.0,0.0,0,1,45600000,45600002.344336085,45600002.344336085,45600002.395534985,45600002.55757202
457,457,0.0,0.0,0,1,45700000,45700002.344336085,45700002.344336085,45700002.395534985,45700002.55757202
458,458,0.0,0.0,0,1,45800000,45800002.344336085,45800002.344336085,45800002.395534985,45800002.55757202
459,459,0.0,0.0,0,1,45900000,45900002.344336085,45900002.344336085,45900002.395534985,45900002.55757202
460,460,0.0,0.0,0,1,46000000,46000002.344336085,46000002.344336085,46000002.395534985,46000002.55757202
461,461,0.0,0.0,0,1,46100000,46100002.344336085,46100002.344336085,46100002.395534985,46100002.55757202
462,462,0.0,0.0,0,1,46200000,46200002.344336085,46200002.344336085,46200002.395534985,46200002.55757202
463,463,0.0,0.0,0,1,46300000,46300002.344336085,46300002.344336085,46300002.395534985,46300002.55757202
464,464,0.0,0.0,0,1,46400000,46400002.344336085,46400002.344336085,46400002.395534985,46400002.55757202
465,465,0.0,0.0,0,1,46500000,46500002.344336085,46500002.344336085,46500002.395534985,46500002.55757202
466,466,0.0,0.0,0,1,46600000,46600002.344336085,46600002.344336085,46600002.395534985,46600002.55757202
467,467,0.0,0.0,0,1,46700000,46700002.344336085,46700002.344336085,46700002.395534985,46700002.55757202
468,468,0.0,0.0,0,1,46800000,46800002.344336085,46800002.344336085,46800002.395534985,46800002.55757202
469,469,0.0,0.0,0,1,46900000,46900002.344336085,46900002.344336085,46900002.395534985,46900002.55757202
470,470,0.0,0.0,0,1,47000000,47000002.344336085,47000002.344336085,47000002.395534985,47000002.55757202
471,471,0.0,0.0,0,1,47100000,47100002.344336085,47100002.344336085,47100002.395534985,47100002.55757202
472,472,0.0,0.0,0,1,47200000,47200002.344336085,47200002.344336085,47200002.395534985,47200002.55757202
473,473,0.0,0.0,0,1,47300000,47300002.344336085,47300002.344336085,47300002.395534985,47300002.55757202
474,474,0.0,0.0,0,1,47400000,47400002.344336085,47400002.344336085,47400002.395534985,47400002.55757202
475,475,0.0,0.0,0,1,47500000,47500002.344336085,47500002.344336085,47500002.395534985,47500002.55757202
476,476,0.0,0.0,0,1,47600000,47600002.344336085,47600002.344336085,47600002.395534985,47600002.55757202
477,477,0.0,0.0,0,1,47700000,47700002.344336085,47700002.344336085,47700002.395534985,47700002.55757202
478,478,0.0,0.0,0,1,47800000,47800002.344336085,47800002.344336085,47800002.395534985,47800002.55757202
479,479,0.0,0.0,0,1,47900000,47900002.344336085,47900002.344336085,47900002.395534985,47900002.55757202
480,480,0.0,0.0,0,1,48000000,48000002.344336085,48000002.344336085,48000002.395534985,48000002.55757202
481,481,0.0,0.0,0,1,48100000,48100002.344336085,48100002.344336085,48100002.395534985,48100002.55757202
482,482,0.0,0.0,0,1,48200000,48200002.344336085,48200002.344336085,48200002.395534985,48200002.55757202
483,483,0.0,0.0,0,1,48300000,48300002.344336085,48300002.344336085,48300002.395534985,48300002.55757202
484,484,0.0,0.0,0,1,48400000,48400002.344336085,48400002.344336085,48400002.395534985,48400002.55757202
485,485,0.0,0.0,0,1,48500000,48500002.344336085,48500002.344336085,48500002.395534985,48500002.55757202
486,486,0.0,0.0,0,1,48600000,48600002.344336085,48600002.344336085,48600002.395534985,48600002.55757202
487,487,0.0,0.0,0,1,48700000,48700002.344336085,48700002.344336085,48700002.395534985,48700002.55757202
488,488,0.0,0.0,0,1,48800000,48800002.344336085,48800002.344336085,48800002.395534985,48800002.55757202
489,489,0.0,0.0,0,1,48900000,48900002.344336085,48900002.344336085,48900002.395534985,48900002.55757202
490,490,0.0,0.0,0,1,49000000,49000002.344336085,49000002.344336085,49000002.395534985,49000002.55757202
491,491,0.0,0.0,0,1,49100000,49100002.344336085,49100002.344336085,49100002.395534985,49100002.55757202
492,492,0.0,0.0,0,1,49200000,49200002.344336085,49200002.344336085,49200002.395534985,49200002.55757202
493,493,0.0,0.0,0,1,49300000,49300002.344336085,49300002.344336085,49300002.395534985,49300002.55757202
494,494,0.0,0.0,0,1,49400000,49400002.344336085,49400002.344336085,49400002.395534985,49400002.55757202
495,495,0.0,0.0,0,1,49500000,49500002.344336085,49500002.344336085,49500002.395534985,49500002.55757202
496,496,0.0,0.0,0,1,49600000,49600002.344336085,49600002.344336085,49600002.395534985,49600002.55757202
497,497,0.0,0.0,0,1,49700000,49700002.344336085,49700002.344336085,49700002.395534985,49700002.55757202
498,498,0.0,0.0,0,1,49800000,49800002.344336085,49800002.344336085,49800002.395534985,49800002.55757202
499,499,0.0,0.0,0,1,49900000,49900002.344336085,49900002.344336085,49900002.395534985,49900002.55757202
500,500,0.0,0.0,0,1,50000000,50000002.344336085,50000002.344336085,50000002.395534985,50000002.55757202
501,501,0.0,0.0,0,1,50100000,50100002.344336085,50100002.344336085,50100002.395534985,50100002.55757202
